rank_index,appid,name,content_descriptors
1,5,Dedicated Server,
2,7,Steam Client,
3,8,winui2,
4,10,Counter-Strike,"{'ids': [2, 5], 'notes': 'Includes intense violence and blood.'}"
5,20,Team Fortress Classic,"{'ids': [2, 5], 'notes': 'Includes intense violence and blood.'}"
6,30,Day of Defeat,"{'ids': [2, 5], 'notes': 'This game includes frequent acts of violence'}"
7,40,Deathmatch Classic,"{'ids': [], 'notes': None}"
8,50,Half-Life: Opposing Force,"{'ids': [2, 5], 'notes': 'Half-Life: Opposing Force includes violence throughout the game.'}"
9,60,Ricochet,"{'ids': [], 'notes': None}"
10,70,Half-Life,"{'ids': [2, 5], 'notes': 'Half-Life includes some weapons-based violence throughout the game.'}"
11,80,Counter-Strike: Condition Zero,"{'ids': [2, 5], 'notes': 'This game includes frequent acts of violence.'}"
12,90,Half-Life Dedicated Server,
13,92,Codename Gordon,"{'ids': [], 'notes': None}"
14,100,Counter-Strike: Condition Zero Deleted Scenes,"{'ids': [2, 5], 'notes': 'This game includes frequent acts of violence.'}"
15,130,Half-Life: Blue Shift,"{'ids': [2, 5], 'notes': 'Half-Life: Blue Shift includes violence throughout the game.'}"
16,150,Counter-Strike Steamworks Beta,"{'ids': [], 'notes': None}"
17,205,Source Dedicated Server,
18,210,Source Dedicated Server,
19,211,Source SDK,
20,215,Source SDK Base 2006,
21,218,Source SDK Base 2007,
22,219,Half-Life 2: Demo,"{'ids': [], 'notes': None}"
23,220,Half-Life 2,"{'ids': [2, 5], 'notes': 'Half-Life 2 includes violence throughout the game.'}"
24,240,Counter-Strike: Source,"{'ids': [2, 5], 'notes': 'Includes intense violence and blood.'}"
25,260,Counter-Strike: Source Beta,
26,280,Half-Life: Source,"{'ids': [], 'notes': None}"
27,300,Day of Defeat: Source,"{'ids': [2, 5], 'notes': 'This game includes frequent violence.'}"
28,304,Day of Defeat: Source Press Review,
29,310,Source 2007 Dedicated Server,
30,320,Half-Life 2: Deathmatch,"{'ids': [2, 5], 'notes': 'Half-Life 2: Deathmatch includes weapons-based villence throughout the game.'}"
31,340,Half-Life 2: Lost Coast,"{'ids': [], 'notes': 'Half-Life 2: Lost Coast includes violence throughout the game.'}"
32,360,Half-Life Deathmatch: Source,"{'ids': [2, 5], 'notes': 'Half-Life Deathmatch: Source includes violence throughout the game.'}"
33,364,HL1:MP Linux client,
34,380,Half-Life 2: Episode One,"{'ids': [], 'notes': 'Half-Life 2: Episode One includes violence throughout the game.'}"
35,400,Portal,"{'ids': [], 'notes': None}"
36,410,Portal: First Slice,"{'ids': [], 'notes': None}"
37,420,Half-Life 2: Episode Two,"{'ids': [], 'notes': 'Half-Life 2: Episode Two includes violence throughout the game.'}"
38,440,Team Fortress 2,"{'ids': [], 'notes': None}"
39,456,Team Fortress 2 - Summer 2012 Community Bundle DLC,
40,457,Team Fortress 2 - Summer 2012 Sale Bundle DLC,
41,458,Team Fortress 2 - Summer 2011 DLC,
42,459,Team Fortress 2 - Premium DLC,
43,480,Spacewar,
44,500,Left 4 Dead,"{'ids': [2, 5], 'notes': 'Includes realistic violence, blood and gore involving zombie-like creatures.'}"
45,510,Left 4 Dead Dedicated Server,
46,513,Left 4 Dead Authoring Tools,
47,520,Team Fortress 2 Beta,
48,530,Left 4 Dead Demo,
49,540,Left 4 Dead Demo Dedicated Server,
50,550,Left 4 Dead 2,"{'ids': [2, 5], 'notes': 'Left 4 Dead 2 features intense violence, blood and gore (including decapitation or dismemberment of zombie-like creatures) and some strong language.'}"
51,560,Left 4 Dead 2 Dedicated Server,
52,563,Left 4 Dead 2 Authoring Tools,
53,564,Left 4 Dead 2 Add-on Support,
54,565,Left 4 Dead 2 Preorder DLC,
55,570,Dota 2,"{'ids': [5], 'notes': 'Dota 2 includes fantasy violence, use of alcohol, and mild partial nudity.'}"
56,575,Dota 2 - English Depot,
57,576,Dota 2 - SteelSeries DLC ,
58,581,Dota 2 - Murrissey the Smeevil,
59,582,Dota 2 - Lockjaw the Boxhound,
60,583,Dota 2 - Drodo the Druffin,
61,584,Dota 2 - Inflatable Donkey Courier,
62,585,Dota 2 - Plush Donkey Courier,
63,586,Dota 2 - International Axe,
64,590,Left 4 Dead 2 Demo,
65,620,Portal 2,"{'ids': [], 'notes': None}"
66,629,Portal 2 Authoring Tools,
67,630,Alien Swarm,"{'ids': [2, 5], 'notes': 'This game includes frequent acts of violence'}"
68,635,Alien Swarm Dedicated Server,
69,640,Alien Swarm - SDK,
70,644,Portal 2 Publishing Tool,
71,650,Portal 2 - Gamestop PS3 DLC,
72,651,Portal 2 - Bot Paint Job DLC,
73,652,Portal 2 - Bot Roll Cage DLC,
74,653,Portal 2 - Bot Antenna Topper DLC,
75,654,Portal 2 - Summer 2011 DLC,
76,659,Portal 2 - Pre-order,"{'ids': [], 'notes': None}"
77,660,Portal 2 Sixense MotionPack,"{'ids': [], 'notes': None}"
78,669,Portal 2 - Sixense Motion Preorder,
79,730,Counter-Strike 2,"{'ids': [2, 5], 'notes': 'Includes intense violence and blood.'}"
80,740,Counter-Strike Global Offensive - Dedicated Server,
81,745,Counter-Strike: Global Offensive - SDK,
82,753,Steam,"{'ids': [], 'notes': None}"
83,754,Steam Economy,
84,755,Steam Achievements,
85,756,Steam Big Picture,
86,760,Steam Screenshots,
87,761,Steam Cloud - Videos,
88,764,Steam Cloud - User Logs,
89,765,Greenlight,
90,767,Steam Artwork,
91,852,ValveTestApp852,
92,854,ValveTestApp854,
93,900,Zombie Movie,
94,901,Day of Defeat: Prelude to Victory,
95,902,Dangerous Waters Trailer,
96,903,Darwinia Trailer,
97,904,Half-Life 2 Trailer,
98,905,Half-Life 2: Episode One Trailer,
99,906,Rag Doll Kung Fu Trailer,
100,907,Red Orchestra Trailer,
101,908,Shadowgrounds Trailer,
102,909,Sin Episodes: Emergence Trailer,
103,912,Half-Life 2: Episode One Launch Teaser 1,
104,913,Half-Life 2: Episode One Launch Teaser 2,
105,914,Half-Life 2: Episode One Launch Teaser 3,
106,915,Half-Life 2: Episode One Launch Teaser 4,
107,916,Half-Life 2: Episode Two Trailer,
108,917,Day of Defeat: Jagd Trailer,
109,918,Day of Defeat: Colmar Trailer,
110,919,Dark Messiah: Warrior,
111,920,Dark Messiah: Assassin,
112,921,Dark Messiah: Wizard,
113,922,Portal Trailer,
114,923,Team Fortress 2 Trailer,
115,924,Red Orchestra Infantry Tutorial,
116,925,Red Orchestra Vehicle Tutorial,
117,926,Red Orchestra Lyes Krovy Trailer,
118,927,GTI Racing Trailer,
119,928,SourceForts Trailer,
120,929,Uplink Trailer,
121,930,Half-Life 2: Episode Two Trailer 2,
122,931,Team Fortress 2 Trailer 2,
123,932,Half-Life 2: Episode Two Gameplay Movie 1,
124,933,Half-Life 2: Episode Two Gameplay Movie 2,
125,934,Half-Life 2: Episode Two Gameplay Movie 3,
126,935,Dark Messiah Gameplay Trailer,
127,936,Half-Life 2: Episode Two Gameplay Movie 4,
128,937,Half-Life 2: Episode Two Gameplay Movie 5,
129,938,City Life Trailer,
130,939,X3: Reunion Trailer,
131,940,Dark Messiah Launch Trailer,
132,941,Red Orchestra Fall Update Trailer,
133,942,Heroes of Annihilated Empires Trailer,
134,943,Prey Trailer,
135,944,Left4Dead Teaser,
136,945,X3: Reunion 2.0 Trailer,
137,946,Gumboy: Crazy Adventures Trailer,
138,947,Eets Trailer,
139,948,Silverfall Trailer,
140,949,Joint Task Force Trailer,
141,950,Hitman: Blood Money Trailer,
142,951,Just Cause Trailer,
143,953,TrackMania United Trailer,
144,954,"Runaway, The Dream of The Turtle Trailer",
145,955,Battlestations: Midway Trailer,
146,956,Project: Snowblind Trailer,
147,957,Tomb Raider: Legend Trailer,
148,958,Infernal Trailer,
149,959,Infernal Trailer 1,
150,960,Team Fortress 2: Meet the Heavy,
151,961,Red Orchestra June 07 New Content Trailer,
152,962,Tomb Raider: Anniversary Trailer,
153,963,TrackMania United Webisode 1: Coppers,
154,964,TrackMania United Webisode 2: Manialinks,
155,965,TrackMania United Webisode 3: Maniazones,
156,966,TrackMania United Webisode 4: Singleplayer,
157,967,TrackMania United Webisode 5: Multiplayer,
158,968,Sam & Max 101: Culture Shock Trailer,
159,969,Sam & Max 102: Situation: Comedy Trailer,
160,970,"Sam & Max 103: The Mole, the Mob and the Meatball Trailer",
161,971,Sam & Max 104: Abe Lincoln Must Die! Trailer,
162,972,Sam & Max 105: Reality 2.0 Trailer,
163,973,Sam & Max 106: Bright Side of the Moon Trailer,
164,974,Lost Planet: Extreme Condition Trailer,
165,975,Kane & Lynch Trailer 2,
166,976,Kane & Lynch Trailer,
167,977,ThreadSpace: Hyperbol Trailer,
168,978,Titan Quest: Immortal Throne Trailer,
169,979,S.T.A.L.K.E.R.: Shadow of Chernobyl Trailer,
170,980,SpaceForce: Rogue Universe Trailer,
171,981,Civilization IV: Beyond the Sword Trailer,
172,982,Gish Trailer,
173,983,Call of Juarez Trailer,
174,984,Bioshock Trailer,
175,985,Team Fortress 2: Meet The Soldier,
176,986,Race07 Trailer,
177,987,Team Fortress 2: Meet The Engineer,
178,988,Kane & Lynch Trailer 3,
179,989,Juiced 2 - Hot Import Nights Trailer,
180,990,Enemy Territory: QUAKE Wars Trailer,
181,991,Loki Trailer,
182,992,Company of Heroes: Opposing Fronts,
183,994,Team Fortress 2: Meet the Heavy (Russian),
184,995,The Orange Box Commercial,
185,996,Two Worlds Trailer,
186,997,Team Fortress 2: Meet the Demoman,
187,998,Call of Duty 4: Modern Warfare Trailer,
188,999,Painkiller Overdose Trailer,
189,1001,Rag Doll Kung Fu Beta,
190,1002,Rag Doll Kung Fu,"{'ids': [], 'notes': None}"
191,1003,Rag Doll Kung Fu Demo,"{'ids': [], 'notes': None}"
192,1007,Steamworks SDK Redist,
193,1200,Red Orchestra: Ostfront 41-45,"{'ids': [2, 5], 'notes': None}"
194,1210,Red Orchestra Beta,
195,1213,Red Orchestra: Ostfront 41-45,
196,1220,RedOrchestra SDK Beta,
197,1230,Mare Nostrum,"{'ids': [], 'notes': None}"
198,1240,Mare Nostrum Dedicated Server,
199,1250,Killing Floor,"{'ids': [2, 5], 'notes': None}"
200,1255,Killing Floor DLC 1,
201,1256,Killing Floor - Outbreak Character Pack,
202,1257,Killing Floor - Nightfall Character Pack,
203,1259,Killing Floor,
204,1260,Killing Floor SDK,
205,1270,Killing Floor Beta,
206,1273,Killing Floor Beta Dedicated Server,
207,1280,Darkest Hour: Europe '44-'45,
208,1290,Darkest Hour: Europe '44-'45 Dedicated Server,
209,1300,SiN Episodes: Emergence,
210,1306,SiN Episodes: Emergence German,
211,1313,SiN Gold,
212,1317,Sin Episodes SDK,
213,1320,SiN Episodes: Emergence,
214,1500,Darwinia,
215,1502,Darwinia Demo,
216,1504,Darwinia Press Review,
217,1507,ValveTestApp1507-do-not-use,
218,1510,Uplink,
219,1520,DEFCON,
220,1522,DEFCON Demo,
221,1523,DEFCON Beta Demo,
222,1525,DEFCON Beta,
223,1528,ValveTestApp1528-do-not-use,
224,1530,Multiwinia,
225,1532,ValveTestApp1532,
226,1535,DEFCON Soundtrack DLC,
227,1540,Multiwinia Demo,
228,1600,Dangerous Waters,
229,1610,Space Empires IV Deluxe,
230,1620,Jagged Alliance 2,
231,1630,Disciples II: Rise of the Elves,
232,1635,Disciples II ROTE Scenario Editor,
233,1640,Disciples II: Gallean's Return,
234,1645,Disciples II Galleans Return Scenario Editor,
235,1670,Iron Warriors: T-72 Tank Command,
236,1690,Space Empires V,
237,1700,Arx Fatalis,
238,1710,Arx Fatalis Demo,
239,1840,Source Filmmaker,
240,1900,Earth 2160,
241,1920,Two Worlds,
242,1930,Two Worlds: Epic Edition,
243,2100,Dark Messiah of Might & Magic Single Player,
244,2110,Dark Messiah Multiplayer Open Beta,
245,2114,Dark Messiah of Might & Magic Multi-Player,
246,2115,Dark Messiah of Might & Magic Single Player,
247,2120,Dark Messiah of Might & Magic Singleplayer Demo,
248,2130,Dark Messiah of Might & Magic Multi-Player,
249,2145,Dark Messiah of Might & Magic Dedicated Server,
250,2150,Dark Messiah SDK Beta,
251,2200,Quake III Arena,
252,2210,Quake 4,
253,2270,Wolfenstein 3D,
254,2280,DOOM + DOOM II,
255,2310,Quake,
256,2320,Quake II,
257,2350,Quake III: Team Arena,
258,2400,The Ship,
259,2403,The Ship Dedicated Server,
260,2410,The Ship Beta,
261,2413,The Ship Dedicated Server Beta,
262,2420,The Ship Single Player,"{'ids': [], 'notes': None}"
263,2430,The Ship Tutorial,
264,2450,Bloody Good Time,"{'ids': [], 'notes': None}"
265,2460,Bloody Good Time Dedicated Server,
266,2500,Shadowgrounds,"{'ids': [2, 5], 'notes': None}"
267,2505,Shadowgrounds Editor,
268,2510,Shadowgrounds Demo,"{'ids': [], 'notes': None}"
269,2520,Gumboy: Crazy Adventures,"{'ids': [], 'notes': None}"
270,2525,Gumboy Crazy Features,"{'ids': [], 'notes': None}"
271,2530,Gumboy Demo,
272,2540,RIP,"{'ids': [], 'notes': None}"
273,2545,RIP 2: Strike Back,"{'ids': [], 'notes': None}"
274,2550,RIP 3: The Last Hero,"{'ids': [], 'notes': None}"
275,2590,Alpha Prime,"{'ids': [2, 5], 'notes': None}"
276,2600,Vampire: The Masquerade - Bloodlines,"{'ids': [], 'notes': None}"
277,2610,GUN,"{'ids': [], 'notes': None}"
278,2620,Call of Duty (2003),"{'ids': [2, 5], 'notes': 'This Game may contain content not appropriate for all ages, or may not be appropriate for viewing at work: Frequent Violence, General Mature Content'}"
279,2625,Call of Duty Singleplayer,
280,2630,Call of Duty 2,"{'ids': [2, 5], 'notes': 'This Game may contain content not appropriate for all ages, or may not be appropriate for viewing at work: Frequent Violence, General Mature Content'}"
281,2635,Call of Duty 2 Singleplayer,
282,2640,Call of Duty: United Offensive,"{'ids': [2, 5], 'notes': 'This Game may contain content not appropriate for all ages, or may not be appropriate for viewing at work: Frequent Violence, General Mature Content'}"
283,2645,Call of Duty: United Offensive Singleplayer,
284,2680,The History Channel: Civil War,"{'ids': [], 'notes': None}"
285,2690,Empires: Dawn of the Modern World,"{'ids': [], 'notes': None}"
286,2700,RollerCoaster Tycoon 3: Platinum!,"{'ids': [], 'notes': None}"
287,2710,Act of War: Direct Action,"{'ids': [2, 5], 'notes': None}"
288,2720,ThreadSpace: Hyperbol,"{'ids': [], 'notes': None}"
289,2724,ThreadSpace: Hyperbol (dont use),
290,2725,ThreadSpace: Hyperbol Map Editor,
291,2726,ThreadSpace: Hyperbol Soundtrack,
292,2730,ThreadSpace: Hyperbol Demo,"{'ids': [], 'notes': None}"
293,2740,ThreadSpace: Hyperbol dedicated server,
294,2760,Neverwinter Nights 2: Platinum,"{'ids': [], 'notes': None}"
295,2767,Neverwinter Nights 2 Expansion 1,
296,2768,Neverwinter Nights 2 Expansion 2,
297,2770,Neverwinter Nights 2: Platinum - Map Editor,
298,2790,Atari: 80 Classic Games in One!,"{'ids': [], 'notes': None}"
299,2800,X2: The Threat,"{'ids': [], 'notes': None}"
300,2810,X3: Reunion,"{'ids': [], 'notes': None}"
301,2820,X3: Terran Conflict,"{'ids': [], 'notes': None}"
302,2826,X3: Terran Conflict,
303,2827,X3: A Sunny Place,
304,2840,X: Beyond the Frontier,"{'ids': [], 'notes': None}"
305,2850,X-Tension,"{'ids': [], 'notes': None}"
306,2860,X-SuperBox Bonus Material,
307,2870,X Rebirth,"{'ids': [], 'notes': None}"
308,2900,688(I) Hunter/Killer,"{'ids': [], 'notes': None}"
309,2910,Fleet Command,"{'ids': [], 'notes': None}"
310,2920,Sub Command,"{'ids': [], 'notes': None}"
311,2930,Birth Of America,
312,2950,Jagged Alliance 2: Unfinished Business,"{'ids': [], 'notes': None}"
313,2990,FlatOut 2,"{'ids': [], 'notes': None}"
314,3000,GTI Racing,
315,3010,Xpand Rally,"{'ids': [], 'notes': None}"
316,3020,Call of Juarez,"{'ids': [2, 5], 'notes': None}"
317,3030,Call of Juarez - DirectX 10,
318,3040,FIM Speedway GP3,
319,3050,Xpand Rally Xtreme,"{'ids': [], 'notes': None}"
320,3130,Men of War: Red Tide,"{'ids': [], 'notes': None}"
321,3150,GM Rally,
322,3160,A Farewell to Dragons,
323,3170,King's Bounty: Armored Princess,"{'ids': [], 'notes': None}"
324,3190,King's Bounty: Armored Princess - Demo,"{'ids': [], 'notes': None}"
325,3200,Painkiller: Gold Edition,
326,3205,Painkiller Editor,
327,3210,Painkiller Demo,"{'ids': [], 'notes': None}"
328,3220,SpaceForce: Rogue Universe,
329,3230,Genesis Rising,"{'ids': [], 'notes': None}"
330,3260,Safecracker: The Ultimate Puzzle Adventure,"{'ids': [], 'notes': None}"
331,3270,Painkiller Overdose,"{'ids': [2, 5], 'notes': 'Strong violence and gore.'}"
332,3273,Painkiller Overdose Test,
333,3280,Painkiller Overdose Demo,"{'ids': [], 'notes': None}"
334,3300,Bejeweled 2 Deluxe,"{'ids': [], 'notes': None}"
335,3302,Bejeweled 2 Deluxe Demo,"{'ids': [], 'notes': None}"
336,3310,Chuzzle Deluxe,"{'ids': [], 'notes': None}"
337,3312,Chuzzle Deluxe Demo,"{'ids': [], 'notes': None}"
338,3320,Insaniquarium! Deluxe,"{'ids': [], 'notes': None}"
339,3322,Insaniquarium! Deluxe Demo,"{'ids': [], 'notes': None}"
340,3330,Zuma Deluxe,"{'ids': [], 'notes': None}"
341,3332,Zuma Deluxe Demo,"{'ids': [], 'notes': None}"
342,3340,AstroPop Deluxe,"{'ids': [], 'notes': None}"
343,3342,AstroPop Deluxe Demo,"{'ids': [], 'notes': None}"
344,3350,Bejeweled Deluxe,"{'ids': [], 'notes': None}"
345,3352,Bejeweled Deluxe Demo,"{'ids': [], 'notes': None}"
346,3360,Big Money! Deluxe,"{'ids': [], 'notes': None}"
347,3362,Big Money Deluxe Demo,"{'ids': [], 'notes': None}"
348,3370,BookWorm Deluxe,
349,3372,BookWorm Deluxe Demo,
350,3380,Dynomite! Deluxe,"{'ids': [], 'notes': None}"
351,3382,Dynomite! Deluxe Demo,"{'ids': [], 'notes': None}"
352,3390,Feeding Frenzy 2: Shipwreck Showdown Deluxe,"{'ids': [], 'notes': None}"
353,3392,Feeding Frenzy 2: Shipwreck Showdown Deluxe Demo,"{'ids': [], 'notes': None}"
354,3400,Hammer Heads Deluxe,"{'ids': [], 'notes': None}"
355,3402,Hammer Heads Deluxe Demo,
356,3410,Heavy Weapon Deluxe,"{'ids': [], 'notes': None}"
357,3412,Heavy Weapon Deluxe Demo,"{'ids': [], 'notes': None}"
358,3420,Iggle Pop! Deluxe,"{'ids': [], 'notes': None}"
359,3422,Iggle Pop! Deluxe Demo,"{'ids': [], 'notes': None}"
360,3430,Pizza Frenzy,"{'ids': [], 'notes': None}"
361,3432,Pizza Frenzy Demo,"{'ids': [], 'notes': None}"
362,3442,Rocket Mania Deluxe Demo,
363,3450,Typer Shark! Deluxe,"{'ids': [], 'notes': None}"
364,3452,Typer Shark! Deluxe Demo,"{'ids': [], 'notes': None}"
365,3460,Talismania Deluxe,"{'ids': [], 'notes': None}"
366,3462,Talismania Deluxe Demo,"{'ids': [], 'notes': None}"
367,3470,Bookworm Adventures Deluxe,
368,3472,Bookworm Adventures Deluxe Demo,
369,3480,Peggle Deluxe,"{'ids': [], 'notes': None}"
370,3482,Peggle Deluxe Demo,"{'ids': [], 'notes': None}"
371,3483,Peggle Extreme,"{'ids': [], 'notes': None}"
372,3490,Venice,"{'ids': [], 'notes': None}"
373,3492,Venice Demo,
374,3500,Mystery P.I.: The Lottery Ticket,"{'ids': [], 'notes': None}"
375,3502,Mystery P.I.: The Lottery Ticket Demo,"{'ids': [], 'notes': None}"
376,3510,Amazing Adventures: The Lost Tomb,"{'ids': [], 'notes': None}"
377,3512,Amazing Adventures: The Lost Tomb Demo,"{'ids': [], 'notes': None}"
378,3520,Mystery PI: The Vegas Heist,"{'ids': [], 'notes': None}"
379,3522,Mystery PI: The Vegas Heist Demo,"{'ids': [], 'notes': None}"
380,3530,Amazing Adventures Around the World,"{'ids': [], 'notes': None}"
381,3532,Amazing Adventures Around the World Demo,"{'ids': [], 'notes': None}"
382,3540,Peggle Nights,"{'ids': [], 'notes': None}"
383,3542,Peggle Nights Demo,
384,3560,Bejeweled Twist,"{'ids': [], 'notes': None}"
385,3562,Bejeweled Twist Demo,"{'ids': [], 'notes': None}"
386,3570,Mystery P.I.: The New York Fortune,"{'ids': [], 'notes': None}"
387,3572,Mystery PI: The New York Fortune Demo,"{'ids': [], 'notes': None}"
388,3580,The Wizard's Pen,"{'ids': [], 'notes': None}"
389,3582,The Wizards Pen Demo,"{'ids': [], 'notes': None}"
390,3590,Plants vs. Zombies: Game of the Year,"{'ids': [], 'notes': None}"
391,3592,Plants vs. Zombies Demo,"{'ids': [], 'notes': None}"
392,3599,Plants vs. Zombies,
393,3600,Escape Rosecliff Island,"{'ids': [], 'notes': None}"
394,3602,Escape Rosecliff Island Demo,"{'ids': [], 'notes': None}"
395,3610,Mystery P.I.: Lost in Los Angeles,"{'ids': [], 'notes': None}"
396,3612,Mystery P.I.: Lost in Los Angeles Demo,"{'ids': [], 'notes': None}"
397,3620,Zuma's Revenge,"{'ids': [], 'notes': None}"
398,3622,Zuma's Revenge Demo,"{'ids': [], 'notes': None}"
399,3629,Zuma's Revenge,
400,3630,BookWorm Adventures Volume 2,
401,3632,Bookworm™ Adventures Volume 2 Demo,
402,3640,Bookworm (TM) Adventures - Fractured Fairytales,
403,3642,Bookworm Adventures - Fractured Fairytales Demo,
404,3650,Zuma's Revenge! - Adventure,
405,3652,Zuma's Revenge! - Adventure Demo,
406,3700,Sniper Elite,"{'ids': [], 'notes': None}"
407,3710,Judge Dredd: Dredd vs Death,"{'ids': [5], 'notes': None}"
408,3720,Evil Genius,"{'ids': [], 'notes': None}"
409,3730,Aliens versus Predator Classic 2000,"{'ids': [], 'notes': None}"
410,3750,ValveTestApp3750,
411,3800,Advent Rising,"{'ids': [], 'notes': None}"
412,3810,BloodRayne,"{'ids': [], 'notes': None}"
413,3820,BloodRayne 2,"{'ids': [], 'notes': None}"
414,3830,Psychonauts,"{'ids': [], 'notes': None}"
415,3838,Psychonauts Original Soundtrack,"{'ids': [], 'notes': None}"
416,3839,Psychonauts Original Cinematic Score,"{'ids': [], 'notes': None}"
417,3840,Psychonauts Demo,
418,3850,BloodRayne 2 Demo,"{'ids': [], 'notes': None}"
419,3900,Sid Meier's Civilization IV,"{'ids': [], 'notes': None}"
420,3910,Sid Meier's Civilization III: Complete,"{'ids': [], 'notes': None}"
421,3920,Sid Meier's Pirates!,"{'ids': [], 'notes': None}"
422,3960,Shattered Union,"{'ids': [], 'notes': None}"
423,3970,Prey,"{'ids': [], 'notes': None}"
424,3980,CivCity: Rome,"{'ids': [], 'notes': None}"
425,3990,Sid Meier's Civilization IV: Warlords,"{'ids': [], 'notes': None}"
426,4000,Garry's Mod,"{'ids': [], 'notes': None}"
427,4010,Garry's Mod - Beta,
428,4020,Garry's Mod Dedicated Server,
429,4100,Poker Superstars II,"{'ids': [], 'notes': None}"
430,4102,Poker Superstars II Demo,"{'ids': [], 'notes': None}"
431,4200,Race Internal Beta,
432,4206,Race Internal Beta,
433,4207,Race Internal Beta Dedicated Server,
434,4210,Race Internal Beta Dedicated Server,
435,4230,Race: The WTCC Game,"{'ids': [], 'notes': None}"
436,4240,Race Dedicated Server,"{'ids': [], 'notes': None}"
437,4260,RACE 07 Demo,"{'ids': [], 'notes': None}"
438,4270,RACE 07 Demo Dedicated Server,
439,4280,Race Caterham Beta,
440,4290,RACE: Caterham Expansion,"{'ids': [], 'notes': None}"
441,4300,RoboBlitz,"{'ids': [], 'notes': None}"
442,4310,RoboBlitz Demo,"{'ids': [], 'notes': None}"
443,4320,Star Trek: D-A-C,"{'ids': [], 'notes': None}"
444,4329,Star Trek: D·A·C,
445,4330,Star Trek: D·A·C - Demo,
446,4400,City Life,"{'ids': [], 'notes': None}"
447,4410,City Life Deluxe,"{'ids': [], 'notes': None}"
448,4420,Silverfall,"{'ids': [], 'notes': None}"
449,4440,Silverfall Demo,"{'ids': [], 'notes': None}"
450,4450,Silverfall Beta,
451,4460,City Life 2008,"{'ids': [], 'notes': None}"
452,4470,Silverfall: Earth Awakening,"{'ids': [], 'notes': None}"
453,4480,City Life 2008 Editor,
454,4500,S.T.A.L.K.E.R.: Shadow of Chernobyl,"{'ids': [2, 5], 'notes': 'The game features intense scenes of violence, gunfights, and dark post-apocalyptic themes. '}"
455,4520,Full Spectrum Warrior,"{'ids': [5], 'notes': None}"
456,4530,Full Spectrum Warrior: Ten Hammers,"{'ids': [2, 5], 'notes': None}"
457,4540,Titan Quest,
458,4550,Titan Quest: Immortal Throne,
459,4560,Company of Heroes - Legacy Edition,
460,4570,"Warhammer 40,000: Dawn of War - Anniversary Edition ",
461,4580,"Warhammer 40,000: Dawn of War - Dark Crusade",
462,4590,Titan Quest Demo,
463,4600,Full Pipe,
464,4610,Full Pipe Demo,
465,4700,Total War: MEDIEVAL II - Definitive Edition,
466,4710,Medieval II: Total War Demo,
467,4720,Condemned: Criminal Origins,
468,4730,OutRun 2006: Coast 2 Coast,
469,4760,Rome: Total War,
470,4770,Rome: Total War - Alexander,
471,4780,Medieval II: Total War Kingdoms,
472,4790,SEGA Rally Revo,
473,4800,Heroes of Annihilated Empires,
474,4808,Heroes of Annihilated Empires Beta,
475,4810,Heroes of Annihilated Empires Demo,
476,4820,Heroes of Annihilated Empires Multiplayer Demo,
477,4830,S.T.A.L.K.E.R.: Shadow of Chernobyl,
478,4850,Cossacks: Back to War,
479,4856,Cossacks Campaign Expansion,
480,4870,Cossacks: Art of War,
481,4880,Cossacks: European Wars,
482,4890,Cossacks II: Battle for Europe,
483,4900,Zen of Sudoku,
484,4910,Zen of Sudoku Demo,
485,4920,Natural Selection 2,
486,4930,Natural Selection 2 - Black Armor,
487,4931,Natural Selection 2 - PAX DLC,
488,4932,Natural Selection 2 - Deluxe DLC,
489,4940,Natural Selection 2 Dedicated Server,
490,5000,Painkiller Overdose Teaser,
491,5001,Overlord Trailer,
492,5002,Clive Barker's Jericho Trailer,
493,5003,Shadowgrounds Survivor Trailer,
494,5004,Alpha Prime Trailer 2,
495,5005,Alpha Prime: Weapons,
496,5006,Alpha Prime: Hacking,
497,5007,Alpha Prime: Bullet Time,
498,5008,Alpha Prime Trailer,
499,5009,Speedball 2: Tournament Trailer,
500,5010,Universe at War: Earth Assault Trailer,
501,5011,Insurgency Mod Trailer,
502,5012,Speedball 2 - Tournament Tutorial,
503,5013,The Golden Compass Trailer,
504,5014,Frontline: Fuels of War Trailer,
505,5015,Team Fortress 2: Meet the Heavy (German),
506,5016,Team Fortress 2: Meet the Heavy (French),
507,5017,EVE Online: Coming Soon,
508,5018,Bill Lee Interview,
509,5019,The Club Trailer,
510,5020,"Warhammer 40,000: Dawn of War – Soulstorm Trailer",
511,5021,Turning Point: Fall of Liberty Trailer,
512,5022,Overlord: Raising Hell Trailer,
513,5023,Frontlines: Fuel of War Multiplayer Trailer,
514,5024,Rainbox Six: Vegas 2 Trailer,
515,5025,Rainbox Six: Vegas Trailer,
516,5026,Tom Clancy's Ghost Recon: Advanced Warfighter 2 Trailer,
517,5027,Tom Clancy's Ghost Recon: Advanced Warfighter Trailer,
518,5028,Unreal Tournament 3 Trailer,
519,5030,Assassin's Creed Trailer,
520,5031,TrackMania Nations Forever Trailer,
521,5032,Team Fortress 2: Meet the Scout,
522,5033,Team Fortress 2: Meet the Scout (French),
523,5034,Team Fortress 2: Meet the Scout (German),
524,5035,Team Fortress 2: Meet the Scout (Russian),
525,5036,Team Fortress 2: Meet the Scout (Spanish),
526,5037,S.T.A.L.K.E.R.: Clear Sky Tech Demo,
527,5038,Sam & Max 201 Trailer,
528,5039,Sam & Max 202 Trailer,
529,5040,Sam & Max 203 Trailer,
530,5041,Sam & Max 204 Trailer,
531,5042,Sam & Max 205 Trailer,
532,5043,Trials 2: Second Edition Trailer,
533,5044,Trials 2: Second Edition: Bumps' N Bruises,
534,5045,Trials 2: Second Edition: Rollin and Tumblin,
535,5046,Trials 2: Second Edition: Throttle to the Max,
536,5047,TrackMania United Forever Trailer,
537,5048,GRID Trailer,
538,5049,On the Rain-Slick Precipice of Darkness - Episode One Trailer,
539,5050,Tom Clancy's HAWX Trailer,
540,5051,Team Fortress 2: Meet the Sniper,
541,5052,Far Cry 2 Trailer,
542,5053,Crazy Machines 2 Trailer,
543,5054,Brothers in Arms: Hells Highway Trailer 1,
544,5055,Brothers in Arms: Hells Highway Trailer 2,
545,5056,Team Fortress 2: Meet the Sniper (French),
546,5057,Team Fortress 2: Meet the Sniper (German),
547,5058,Team Fortress 2: Meet the Soldier (French),
548,5059,Team Fortress 2: Meet the Soldier (German),
549,5060,S.T.A.L.K.E.R.: Clear Sky Atmosphere Trailer,
550,5061,EVE Online - Empyrean Age Trailer,
551,5062,Team Fortress 2: Meet the Sniper (Russian),
552,5063,Team Fortress 2: Meet the Sniper (Spanish),
553,5064,FlatOut: Ultimate Carnage Trailer,
554,5066,Pro Cycling Manager 2008 Trailer,
555,5067,Space Siege Trailer,
556,5068,Multiwinia: Domination Trailer,
557,5069,Red Faction: Guerrilla Destruction Trailer,
558,5070,Dawn of War II: Trailer,
559,5071,Dawn of War II: E3 Gameplay,
560,5072,Dawn of War II: Teaser,
561,5073,Team Fortress 2: Meet the Sandvich,
562,5074,Dawn of War II: Leipzig Trailer,
563,5075,Dawn of War II: The Tyranids,
564,5076,Far Cry 2: E3 Gameplay,
565,5077,Far Cry 2: Enemies,
566,5078,Far Cry 2 GamePlay Movie,
567,5079,Velvet Assassin Trailer,
568,5080,GTR Evolution Trailer,
569,5081,Multiwinia: King of the Hill Trailer,
570,5082,Multiwinia: Capture the Statue Trailer,
571,5083,Crysis Warhead Trailer,
572,5084,X3: Terran Conflict Teaser,
573,5085,Crysis Trailer,
574,5086,Crysis Wars Trailer,
575,5087,Multiwinia: Rocket Riot,
576,5088,Multiwinia: Blitzkrieg,
577,5089,The Witcher: Enhanced Trailer,
578,5090,Team Fortress 2: Meet the Soldier (Russian),
579,5091,Team Fortress 2: Meet the Demoman (Russian),
580,5092,Multiwinia: Assault Trailer,
581,5093,Sid Meier's Civilization IV: Colonization Trailer,
582,5094,Prince of Persia Trailer,
583,5095,STCC: The Game Teaser,
584,5096,City Life 2008 Trailer,
585,5097,STCC: The Game Trailer,
586,5098,Shaun White Debut Trailer,
587,5099,Age of Conan: Hyborian Adventures Trailer,
588,5100,Project Aftermath Trailer,
589,5101,Tomb Raider: Underworld Trailer,
590,5102,Pyroblazer Trailer,
591,5103,Xpand Rally Xtreme Trailer,
592,5104,Pyroblazer Trailer 2,
593,5105,Age of Booty Trailer,
594,5106,Spectraball Trailer,
595,5107,MotoGP 2008 Trailer,
596,5108,Pyroblazer Intro,
597,5109,D.I.P.R.I.P. Warm Up Trailer,
598,5111,Galactic Bowling Trailer,
599,5112,Team Fortress 2: Meet the Engineer (Russian),
600,5113,Bully Trailer,
601,5114,Mare Nostrum Trailer,
602,5115,Saint's Row 2 Trailer,
603,5116,Saint's Row 2 Gangs Trailer,
604,5117,Fallout 3 Trailer,
605,5118,Fallout 3 Teaser,
606,5119,Fallout 3 Gameplay 1: Escape,
607,5120,Fallout 3 Gameplay 2: Megaton,
608,5121,Fallout 3 Gameplay 3: The Wasteland,
609,5122,Fallout 3 Gameplay 4: Super-Duper Mart,
610,5123,Fallout 3 Gameplay 5: Tenpenny Tower,
611,5124,Far Cry 2: Anything Goes,
612,5125,Far Cry 2: Whos Who,
613,5126,Space Trader Trailer,
614,5127,X3: Terran Conflict Intro Trailer,
615,5128,X3: Terran Conflict Think,
616,5129,X3: Terran Conflict - Think (German),
617,5130,X3: Terran Conflict - Trade,
618,5131,X3: Terran Conflict - Trade (German),
619,5132,Red Faction: Guerrila Multiplayer Gameplay,
620,5133,Silent Hill: Homecoming Intro Trailer,
621,5134,Tomb Raider: Undeworld - Beneath the Sea Gameplay,
622,5135,Tomb Raider: Undeworld - Mexico,
623,5136,Empire: Total War Trailer,
624,5137,Multiwinia Offical Trailer,
625,5138,Left 4 Dead TV Spot 1 - 1080p,
626,5139,Left 4 Dead TV Spot 1 - 720p,
627,5140,X3: Terran Conflict - Build,
628,5141,Left 4 Dead Intro,
629,5142,Left 4 Dead Intro (French),
630,5143,Left 4 Dead Intro (German),
631,5144,Left 4 Dead Intro (Russian),
632,5145,Left 4 Dead Intro (Spanish),
633,5146,"On the Rain-Slick Precipice of Darkness, Episode Two Trailer",
634,5147,Call of Duty: World at War Trailer,
635,5149,Left 4 Dead TV Spot 2 - 720p,
636,5150,Left 4 Dead TV Spot 2 - 1080p,
637,5151,Eve Online: Quantum Rise Trailer,
638,5152,Grand Theft Auto IV,
639,5153,Defense Grid Trailer,
640,5154,World in Conflict - Teaser Trailer,
641,5155,World in Conflict - Destruction Gameplay Trailer,
642,5157,Prince of Persia Launch Trailer,
643,5158,Spore Trailer,
644,5159,Mass Effect Trailer,
645,5160,Command and Conquer: Red Alert 3,
646,5161,Need for Speed: Undercover Trailer,
647,5162,Mirrors Edge Trailer,
648,5163,Dead Space Trailer,
649,5164,Spore Creepy and Cute Trailer,
650,5165,Company of Heroes: Tales of Valor Trailer,
651,5166,Aquaria Trailer,
652,5167,Strong Bad Episode 5: 8-Bit Is Enough Trailer,
653,5168,Strong Bad Episode 3: Baddest of the Bands Trailer,
654,5169,Strong Bad Episode 4: Dangeresque 3 Trailer,
655,5170,Strong Bad Episode 2: Strong Badia the Free Trailer,
656,5172,Quantum of Solace Trailer 1,
657,5173,Quantum of Solace Trailer 2,
658,5174,F.E.A.R 2: Project Origin Trailer 1,
659,5175,F.E.A.R 2: Project Origin Trailer 2,
660,5177,Command and Conquer: Red Alert 3 Trailer 2,
661,5178,Everquest: Secrets of Faydwer Trailer,
662,5179,Everquest: Seeds of Destruction Trailer,
663,5180,Everquest II: Rise of Kunark Trailer,
664,5181,Everquest II: The Shadow Odyssey Trailer,
665,5182,Vanguard: Saga of Heroes Trailer,
666,5183,Pirates of the Burning Sea Trailer,
667,5184,Monster Trucks Nitro Trailer,
668,5185,Empire: Total War - Naval Battles,
669,5186,Empire: Total War - Land Battles,
670,5187,Empire: Total War - Campaign,
671,5188,Empire: Total War - Multiplayer,
672,5189,Empire: Total War - Road to Indepdence,
673,5190,Grand Ages Rome Trailer 2,
674,5191,Ceville Trailer,
675,5192,The Maw Trailer,
676,5193,Tom Clancy's EndWar Trailer,
677,5194,The Maw: Brute Force Trailer,
678,5195,Tom Clancy's EndWar Launch Trailer,
679,5196,World in Conflict: Soviet Assault Trailer,
680,5197,Empire: Total War Launch Trailer (English),
681,5198,Empire: Total War Launch Trailer (French),
682,5199,Empire: Total War Launch Trailer (German),
683,5200,Empire: Total War Launch Trailer (Dutch),
684,5201,Empire: Total War Launch Trailer (Polish),
685,5202,Empire: Total War Launch Trailer (Spanish),
686,5203,Empire: Total War Launch Trailer (UK),
687,5204,Unreal Tournament 3 Titan Trailer,
688,5205,Zeno Clash Trailer,
689,5206,EVE Online: Apocrypha - 720p,
690,5207,EVE Online: Apocrypha - 1080p,
691,5208,Wallace & Gromit's Grand Adventure Teaser Trailer,
692,5209,The Path Trailer,
693,5210,Grey's Anatomy: The Video Game Trailer,
694,5211,Caster Trailer,
695,5212,Wanted Teaser,
696,5213,The Maw - River Redirect Trailer,
697,5214,Drakensang Trailer,
698,5215,Drakensang Trailer (DE),
699,5216,Far Cry 2: Fortunes Pack Trailer,
700,5217,Obulis Trailer,
701,5218,Osmos Trailer,
702,5219,FLOCK! Trailer 1,
703,5220,FLOCK! Trailer 2,
704,5221,Elven Legacy Trailer,
705,5222,Wheelman Trailer,
706,5223,R.U.S.E Trailer,
707,5227,Battlestations Pacific Trailer,
708,5231,F.E.A.R 2: Project Origin - Toy Soldiers,
709,5232,R.U.S.E In-Game Trailer,
710,5233,Savage 2: A Tortured Soul Trailer,
711,5234,Grand Ages Rome - City Building Trailer,
712,5235,Guildwars: Factions Trailer,
713,5236,Guildwars: Nightfall Trailer,
714,5237,City of Heroes Trailer,
715,5238,RFG Tools of Destruction 1,
716,5239,RFG Tools of Destruction 2,
717,5240,RFG Tools of Destruction 3,
718,5241,RFG Tools of Destruction 4,
719,5242,City of Heroes Intro Trailer,
720,5243,Killing Floor Trailer,
721,5244,Hearts of Iron III Trailer,
722,5245,Street Fighter 4 Trailer,
723,5246,Velvet Assassin Music Trailer,
724,5247,Puzzlegeddon Trailer,
725,5248,Terminator Salvation Trailer,
726,5249,Call of Juarez: Bound in Blood Story Trailer,
727,5250,RFG Dev Diary,
728,5251,Necrovision Trailer,
729,5252,The Path Story Trailer,
730,5253,Call of Duty: World at War - Map Pack,
731,5254,Call of Duty: World at War - Verruckt,
732,5255,Call of Duty: World at War - Zombies,
733,5256,Damnation Steampunk Trailer,
734,5257,Damnation The Levels Trailer,
735,5258,Damnation The Moves Trailer,
736,5259,Red Faction: Guerrilla Tactics Trailer,
737,5260,Team Fortress 2: Meet the Spy,
738,5261,ARMA 2 Trailer,
739,5262,Prototype Reveal Trailer,
740,5263,Prototype Story Montage,
741,5265,RFG Tools of Destruction 6,
742,5266,Red Faction Guerrilla Story,
743,5267,Red Faction Guerrilla Storyline Video,
744,5268,Left 4 Dead 2: E3 Teaser,
745,5269,FUEL Trailer,
746,5270,FUEL Trailer (UK),
747,5271,FUEL Trailer (DE),
748,5272,Overlord II Trailer,
749,5273,Splinter Cell Conviction E3 Gameplay,
750,5274,Splinter Cell Conviction E3 Trailer,
751,5275,America's Army 3 Teaser,
752,5276,America's Army 3 Authenticy,
753,5277,America's Army 3 Basic Combat Training,
754,5278,America's Army 3 New Features,
755,5279,America's Army 3 Technology,
756,5280,Global Agenda - No Elves Trailer,
757,5281,Mini Ninjas E3 Trailer,
758,5282,Assassins Creed 2 E3 Trailer,
759,5283,Just Cause 2 Trailer,
760,5284,Mini Ninjas HIRO Vignette,
761,5285,Rogue Warrior Trailer,
762,5286,Oblivion Game of the Year Edition Trailer,
763,5287,Rail Sim Trailer,
764,5288,Prototype Launch Trailer,
765,5289,Prototype Intro,
766,5290,America's Army 3 Long Trailer,
767,5291,Ghostbusters Trailer,
768,5292,Ghostbusters: Rule2 Traps,
769,5293,ARMA 2 USMC Trailer,
770,5294,ARMA 2 In Game Footage,
771,5295,ARMA 2 Citizens Trailer,
772,5296,Cities XL Trailer,
773,5297,Call of Juarez 2: Brothers Trailer,
774,5298,Dawn of War II - Tyranids vs. Eldar,
775,5299,Dawn of War II - Space Marines vs. Orks,
776,5300,Trine Teaser Trailer,
777,5301,Trine Trailer,
778,5303,Tales of Monkey Island Trailer,
779,5304,Droplitz Trailer,
780,5305,Team Fortress 2: Meet the Spy (Russian),
781,5306,Trine Trailer 3,
782,5309,Bionic Command Rearmed Trailer,
783,5310,Bionic Commando Trailer,
784,5311,Champions Online Teaser,
785,5312,Order of War Trailer,
786,5315,X3 Terran Conflict 2.0 Trailer,
787,5316,Anno 1404 Trailer,
788,5317,Anno 1404 Mood Trailer,
789,5319,Batman Arkham Asylum Combat,
790,5320,Batman Arkham Asylum Invisible,
791,5321,Batman Arkham Asylum Joker,
792,5322,Divinity 2 - Trailer 1 (English),
793,5323,Divinity 2 - Trailer 1 (German),
794,5324,Divinity 2 - Trailer 2 (German),
795,5325,Divinity 2 - Trailer 2 (English),
796,5326,Divinity 2 - Trailer 3 (English),
797,5327,Divinity 2 - Trailer 3 (German),
798,5328,Cloudy with a Chance of Meatballs - Trailer,
799,5329,Foreign Legion: Buckets of Blood Trailer,
800,5330,Cricket Revolution Gameplay,
801,5331,Cricket Revolution Trailer,
802,5332,Dawn of Discovery Intro,
803,5333,EVE Online Butterfly Effect,
804,5334,Drug Wars Trailer - No Price,
805,5335,Raven Squad Trailer,
806,5337,Darkest of Days Time Periods,
807,5338,Darkest of Days Instructional Trailer,
808,5339,Darkest of Days Trailer,
809,5340,Section 8 Teaser Trailer,
810,5341,Trine Trailer 4,
811,5342,R.U.S.E. E3 Demo Part 1,
812,5343,R.U.S.E. E3 Demo Part 2,
813,5344,Bookworm Adventures 2,
814,5345,CSI Deadly Intent,
815,5346,Heroes Over Europe,
816,5347,Batman Arkham Asylum Gadgets Trailer,
817,5348,Batman Arkham Asylum Demo Trailer,
818,5349,Ashes Cricket 2009 - Great Players Trailer,
819,5350,Ashes Cricket 2009 - Tunnel Trailer,
820,5351,Ashes Cricket 2009 - World of Cricket Trailer,
821,5353,Wolfenstein Trailer HD,
822,5360,Mini Ninjas - Gameplay Trailer (EU),
823,5361,Mini Ninjas - Gameplay Trailer (US),
824,5362,Mini Ninjas - Suzume Trailer (EU),
825,5363,Mini Ninjas - Suzume Trailer (US),
826,5364,Crash Time 2 Trailer,
827,5365,Assassins Creed 2 Developer Diary,
828,5366,Section 8 E3 Trailer,
829,5367,Heroes Over Europe - Ace Kill Trailer,
830,5368,Dawn of War 2 - Last Stand,
831,5369,Call of Juarez Bound in Blood - Feature Trailer,
832,5370,Heroes Over Europe - Environments,
833,5371,Heroes Over Europe - Planes,
834,5372,Aliens vs Predator Marine Reveal Trailer,
835,5374,World of Zoo Trailer,
836,5375,Nation Red Trailer,
837,5376,Mini Ninjas - Kunoichi Trailer (EU),
838,5377,Mini Ninjas - Kunoichi Trailer (US),
839,5378,Mini Ninjas - Launch Trailer (EU),
840,5379,Mini Ninjas - Launch Trailer (US),
841,5386,Batman Arkham Asylum Launch Trailer (EU),
842,5387,Batman Arkham Asylum Launch Trailer,
843,5388,Heroes Over Europe - Multiplayer Trailer,
844,5389,Empire: Total War - Warpath Campaign (English) Trailer,
845,5390,Empire: Total War - Warpath Campaign (Russian) Trailer,
846,5391,Empire: Total War - Warpath Campaign (Italian) Trailer,
847,5392,Napoleon: Total War Trailer,
848,5394,Empire: Total War - Warpath Campaign (German) Trailer,
849,5395,Risen Trailer,
850,5396,Empire: Total War - Warpath Campaign (French) Trailer,
851,5397,Napoleon: Total War (German) Trailer,
852,5398,Napoleon: Total War (French) Trailer,
853,5399,Napoleon: Total War (Polish) Trailer,
854,5400,Napoleon: Total War (Spanish) Trailer,
855,5401,Napoleon: Total War (Italian) Trailer,
856,5402,Napoleon: Total War (Russian) Trailer,
857,5404,Empire: Total War - Warpath Campaign (Polish) Trailer,
858,5405,Empire: Total War - Warpath Campaign (Spanish) Trailer,
859,5406,cities xl,
860,5409,Modern Warfare 2 - Reveal Trailer,
861,5410,Modern Warfare 2 - MultiPlayer Trailer,
862,5411,Modern Warfare 2 - Gameplay Trailer,
863,5414,Need for Speed SHIFT Trailer,
864,5415,Command & Conquer Red Alert 3 Uprising Trailer,
865,5416,MOHA Trailer,
866,5418,NBA 2K10,
867,5419,Tom Clancy's Splinter Cell Conviction - Numbers,
868,5420,Dreamkiller Trailer,
869,5422,Borderlands Trailer,
870,5424,Metal Drift Trailer,
871,5426,cities game play,
872,5427,Operation Flashpoint - Dragon Rising Weapons Trailer,
873,5428,Operation Flashpoint - Dragon Rising Multiplayer Trailer,
874,5430,Race On Trailer,
875,5433,Doom Rails Trailer,
876,5434,SAW Trailer,
877,5435,Ninja Blade Trailer,
878,5445,Dragon Age Origins Main Trailer,
879,5446,Dragon Age Origins Gameplay Trailer,
880,5447,Dragon Age Origins Stone Prisoner Trailer,
881,5449,Dragon Age Origins Blood Dragon Armor Trailer,
882,5450,Dragon Age Origins Wardens Keep Trailer,
883,5451,Dragon Age Origins Sacred Ashes_2 Trailer,
884,5453,AI War Trailer,
885,5455,Massive Assault Network 2 Trailer,
886,5456,Massive Assault Phantom Renaissance Trailer,
887,5457,Dawn of War II - The Last Stand Developer Diary,
888,5459,Dangerous High Schools in Trouble Trailer,
889,5460,R.U.S.E. - Pump Fake Strategy Trailer,
890,5461,Torchlight Alchemist Trailer,
891,5462,Torchlight Vanquisher Trailer,
892,5463,Torchlight Destroyer Trailer,
893,5464,Tom Clancy's Splinter Cell - Conviction TGS Walk-Thru Video,
894,5465,AvP - Alien Gameplay,
895,5467,Aztaka Trailer,
896,5468,Men of War Red Tide Trailer,
897,5470,Modern Warfare 2 Infamy Trailer,
898,5471,Shattered Horizons Trailer,
899,5472,Zombie Bowl-O-Rama Trailer,
900,5473,Defence Alliance 2 Trailer,
901,5474,East India Company Privateer Trailer,
902,5475,Serious Sam HD Trailer,
903,5476,Killing Floor Level Up Trailer,
904,5477,James Camerons AVATAR - THE GAME Trailer,
905,5478,Command and Conquer 3 Tiberium Wars Trailer,
906,5479,Star Trek DAC Trailer,
907,5480,Sacred 2 Ice and Blood Trailer,
908,5481,Command and Conquer 3 Kanes Wrath Trailer,
909,5483,Shattered Horizon Soundtrack Trailer,
910,5484,James Camerons Avatar - The Game - Developer Diary 2,
911,5486,Shattered Horizon Escalation Trailer,
912,5487,SpellForce Platinum Trailer,
913,5488,Devil May Cry 4,
914,5489,Left 4 Dead 2 - TV Spot 2,
915,5492,Just Cause 2 No Ordinary Trailer,
916,5494,King Arthur Trailer,
917,5495,Altitude Trailer,
918,5496,Serious Sam HD Happy Trailer,
919,5497,Serious Sam Supermercial,
920,5499,Command & Conquer 4 Announcement Trailer,
921,5500,Shattered Horizon Silent Running Trailer,
922,5501,DiRT 2 Trailer,
923,5502,Kings Bounty Armored Princess Trailer,
924,5503,James Camerons Avatar - The Game - Navi Gameplay Trailer,
925,5504,DiRT 2 Steam Trailer,
926,5505,AI War Trailer with Sound,
927,5507,Blood Bowl Trailer,
928,5510,Star Wars Galaxies Trailer,
929,5511,James Camerons Avatar - The Game - Developer Diary 3,
930,5512,Left 4 Dead 2 Final TV Spot,
931,5513,Star Trek Online Gameplay Trailer,
932,5514,Serious Sam HD Release Trailer,
933,5515,Borderlands Zombie Island DLC Trailer,
934,5516,Crash Time 3 PEGI Trailer,
935,5517,Crash Time 3 PEGI Trailer 2,
936,5518,Mass Effect 2 Trailer,
937,5519,James Camerons Avatar - The Game - Developer Diary 4,
938,5520,Altitude Trailer 2,
939,5521,Virtua Tennis 2009 Final Trailer,
940,5522,Fallout 3 Operation Achorage Trailer,
941,5523,Fallout 3 Broken Steel Trailer,
942,5524,Fallout 3 Mothership Zeta Trailer,
943,5525,Fallout 3 Point Lookout Trailer,
944,5526,Fallout 3 Bloodless Trailer,
945,5527,EVE Online Dominion Trailer,
946,5529,Everquest Underfoot Trailer,
947,5530,Americas Army 3 Full Trailer,
948,5531,Americas Army 3 Authenticity Trailer,
949,5532,Americas Army 3 Basic Combat Training Trailer,
950,5533,Americas Army 3 New Features Trailer,
951,5534,Americas Army 3 Technology Trailer,
952,5535,Just Cause 2: The Laws of Physics Trailer,
953,5536,Napoleon Trailer - Story Mode,
954,5537,Europa Universalis III Heir to the Throne Trailer,
955,5538,ARMA II Eagle Wing Trailer,
956,5539,Kane and Lynch 2 Trailer,
957,5540,Kane & Lynch 2 Burger Joint Trailer,
958,5541,Zero Gear Trailer,
959,5542,Nuclear Dawn Teaser Trailer,
960,5543,Kane & Lynch 2 Bowling for Shanghai Video,
961,5544,Foreign Legion Buckets of Blood Gameplay Trailer,
962,5545,Prince of Persia Forgotten Sands,
963,5546,James Camerons Avatar - The Game - Launch Trailer,
964,5547,Tom Clancy's Splinter Cell Conviction - Co-op Trailer,
965,5549,Just Cause 2  An Island In Chaos Trailer,
966,5550,Dragon Age Origins Awakening Trailer,
967,5551,Dark Void Trailer,
968,5552,Supreme Commander 2 Trailer,
969,5553,Greed Trailer,
970,5554,Vancouver 2010 UK Trailer,
971,5555,Vancouver 2010 Spain Trailer,
972,5556,Vancouver 2010 Italian Trailer,
973,5557,Vancouver 2010 German Trailer,
974,5558,Vancouver 2010 French Trailer,
975,5559,Vancouver 2010 Australian Trailer,
976,5560,Vancouver 2010 Dutch Trailer,
977,5561,Battlefield: Bad Company 2 Squad Story Trailer,
978,5562,AI War The Zenith Remnant Trailer,
979,5563,Greed Gameplay Trailer,
980,5564,Lego Indiana Jones 2 Trailer,
981,5565,Battlefield: Bad Company 2 Limited Edition Unlocks Trailer,
982,5566,Battlefield: Bad Company 2  E3 Trailer,
983,5567,Battlefield: Bad Company 2 Moments Episode 3 Panama Canal,
984,5568,Battlefield: Bad Company 2 - Moments Episode 2 Arica Harbour,
985,5569,Battlefield: Bad Company 2 Moments Episode One Trailer,
986,5570,Aliens vs. Predator Classic 2000 Trailer,
987,5571,4x4 Hummer Trailer,
988,5572,Lord of the Rings Online Trailer,
989,5573,Warnings at Waverly Academy Trailer,
990,5574,Global Agenda Launch Trailer,
991,5575,Alien Breed Trailer,
992,5576,Galcon Fusion Trailer,
993,5577,Bob Came in Pieces Trailer,
994,5578,Silent Hunter V - Dynamic Campaign Trailer,
995,5579,Mass Effect 2 Launch Trailer,
996,5580,EverQuest II Sentinels Fate Trailer,
997,5581,Toki Tori Trailer,
998,5582,Sonic and SEGA All-Stars Racing Trailer,
999,5583,Secrets of the Magic Crystals Trailer,
1000,5584,Order of War Challenge Trailer,
